Scenario,Day,Night
SSP1,0.12000000000000001,0.11000000000000001
SSP2,0.0,0.0
SSP3,0.0,0.0
SSP4,0.115,0.11000000000000001
SSP5,0.11,0.1
